Dataset,Model,TRTR_ACC_Mean,TRTR_ACC_Std,TRTR_F1_Mean,TRTR_F1_Std,TRTR_AUC_Mean,TRTR_AUC_Std,TSTR_ACC_Mean,TSTR_ACC_Std,TSTR_F1_Mean,TSTR_F1_Std,TSTR_AUC_Mean,TSTR_AUC_Std,Augmented_ACC_Mean,Augmented_ACC_Std,Augmented_F1_Mean,Augmented_F1_Std,Augmented_AUC_Mean,Augmented_AUC_Std,F1_Gap,F1_Aug_Gain
heart_failure_clinical_records,LR,0.8000000000000002,1.1102230246251565e-16,0.7749999999999999,0.0,0.84,0.0,0.7833333333333333,0.0,0.7591849336214883,1.1102230246251565e-16,0.8182857142857142,1.1102230246251565e-16,0.8000000000000002,1.1102230246251565e-16,0.7749999999999999,0.0,0.84,0.0,0.0158150663785116,0.0
heart_failure_clinical_records,DT,0.7222222222222222,0.01571348402636772,0.7090568829699264,0.01861860132383952,0.7066666666666669,0.018856180831641284,0.7833333333333333,0.01360827634879543,0.7775439451142776,0.014008572749162378,0.7780952380952382,0.014061736247841322,0.7111111111111111,0.007856742013183886,0.7016843920666859,0.007251960319843587,0.7009523809523811,0.006734350297014766,-0.06848706214435119,-0.007372490903240547
heart_failure_clinical_records,RF,0.7333333333333334,0.01360827634879543,0.702408150663785,0.015220527957931544,0.8434285714285714,0.010232667442714855,0.7722222222222223,0.020786985482077466,0.7503866899473081,0.023738815712553464,0.8314285714285714,0.005257970949273234,0.7611111111111111,0.007856742013183886,0.7434047060197878,0.010917028318926904,0.8554285714285715,0.001616244071283546,-0.047978539283523025,0.04099655535600277
heart_failure_clinical_records,MLP,0.6999999999999998,0.013608276348795429,0.6742835963235372,0.020398448638729545,0.7733333333333333,0.005139328595517011,0.7666666666666666,0.01360827634879543,0.7375742938746782,0.01263537660463403,0.7999999999999999,0.013745995087747643,0.6722222222222222,0.028327886186626582,0.6437619907632148,0.027870857832134863,0.7782857142857144,0.014576096357873573,-0.06329069755114103,-0.03052160556032235
heart_failure_clinical_records,XGB,0.6999999999999998,1.1102230246251565e-16,0.6770334928229665,0.0,0.8571428571428572,0.0,0.8000000000000002,1.1102230246251565e-16,0.7916666666666666,1.1102230246251565e-16,0.8502857142857142,1.1102230246251565e-16,0.7833333333333333,0.0,0.7644216248867414,1.1102230246251565e-16,0.8925714285714287,1.1102230246251565e-16,-0.11463317384370009,0.08738813206377483
