Dataset,Avg_TRTR_F1,Avg_TSTR_F1,Avg_Augmented_F1,Avg_F1_Gap,Avg_Aug_Gain,Disc_Score,Inv_KL,Density,Coverage
heart_failure_clinical_records,0.7075564245560431,0.7632713058448838,0.725654542747286,-0.055714881288840744,0.01809811819124294,0.3958333333333333,0.9171318703326017,0.895397489539749,0.5481171548117155
