Dataset,Avg_TRTR_F1,Avg_TSTR_F1,Avg_Augmented_F1,Avg_F1_Gap,Avg_Aug_Gain,Disc_Score,Inv_KL,Density,Coverage
ilpd,0.5853269108745142,0.6029134729050708,0.5992098063838217,-0.01758656203055666,0.013882895509307481,0.37433155080213903,0.8818837871953551,0.9291845493562232,0.5536480686695279
