Dataset,Model,TRTR_ACC_Mean,TRTR_ACC_Std,TRTR_F1_Mean,TRTR_F1_Std,TRTR_AUC_Mean,TRTR_AUC_Std,TSTR_ACC_Mean,TSTR_ACC_Std,TSTR_F1_Mean,TSTR_F1_Std,TSTR_AUC_Mean,TSTR_AUC_Std,Augmented_ACC_Mean,Augmented_ACC_Std,Augmented_F1_Mean,Augmented_F1_Std,Augmented_AUC_Mean,Augmented_AUC_Std,F1_Gap,F1_Aug_Gain
ilpd,LR,0.7350427350427351,0.0,0.5583830512601973,0.0,0.8327427356484763,1.1102230246251565e-16,0.7521367521367521,0.0,0.6636931311329171,0.0,0.7856130403968816,0.0,0.7521367521367521,0.0,0.6364513018322083,0.0,0.8185683912119065,0.0,-0.10531007987271979,0.07806825057201106
ilpd,DT,0.6182336182336182,0.008058196936598854,0.5564279557335113,0.008218902141162318,0.5601819040869359,0.00850009395458471,0.6125356125356126,0.017562433056891657,0.5562970612944205,0.013754878742898637,0.5552208835341366,0.012378341371423622,0.6780626780626781,0.004029098468299402,0.6060861772986478,0.005746661463746516,0.6052445074415308,0.006036243502788183,0.0001308944390908673,0.04965822156513644
ilpd,RF,0.6980056980056979,0.010659992554911516,0.5588887764693039,0.014696034670258927,0.7321639499173163,0.0032001458030106716,0.6666666666666666,0.02093580976737756,0.5816388537073521,0.02953538265636932,0.6985589416489487,0.017064696434066065,0.6894586894586894,0.010659992554911476,0.5714937985678108,0.0136882236333697,0.7198204583038034,0.0015468699331099719,-0.022750077238048227,0.01260502209850689
ilpd,MLP,0.7635327635327634,0.004029098468299454,0.6862681042428916,0.010172253080509059,0.8313253012048193,0.006225695229437474,0.7065527065527065,0.004029098468299454,0.6215780242730174,0.013211588500278206,0.7693125442948264,0.005936608491910706,0.7236467236467238,0.010659992554911516,0.6239548002252839,0.01489270379583815,0.7921096149303094,0.02489661720971612,0.06469007996987419,-0.06231330401760771
ilpd,XGB,0.6923076923076922,1.1102230246251565e-16,0.5666666666666667,0.0,0.7090715804394048,0.0,0.6752136752136751,1.1102230246251565e-16,0.591360294117647,0.0,0.6463501063075833,0.0,0.6666666666666666,0.0,0.5580629539951574,0.0,0.7023387668320339,0.0,-0.02469362745098036,-0.008603712671509278
