Feature,Importance
target,1.0
thalach,0.13638796276227935
oldpeak,0.1233801482415441
chol,0.11259388626907929
age,0.10507658305032846
ca,0.10239462397043143
trestbps,0.10194991786107103
thal,0.08509569663812949
cp,0.07476379386874786
slope,0.04404768442037246
exang,0.04068009357910797
restecg,0.02850003773397207
