Feature,Importance
target,1.0
thalach,0.13548546056337332
chol,0.12680872796944376
age,0.11624504586270623
oldpeak,0.11409123019357789
ca,0.10627460503935583
trestbps,0.1056376975448765
thal,0.07593094019448388
cp,0.06756381039326592
exang,0.04515971722617253
slope,0.03499139789005796
sex,0.02895290859880876
restecg,0.02545729635764357
fbs,0.017401162166233976
