Feature,Importance
target,1.0
ChestPainType,0.1329376992646529
MaxHR,0.12363683633686616
MajorVessels,0.10926168137557647
Oldpeak,0.10440597686717717
Thal,0.10070201095335143
Age,0.08479026547075258
Cholesterol,0.08475332039627481
RestingBP,0.07400652982461882
Slope,0.061111278495127104
ExerciseAngina,0.0515739872773514
Sex,0.047090869143723235
