Dataset,Avg_TRTR_F1,Avg_TSTR_F1,Avg_Augmented_F1,Avg_F1_Gap,Avg_Aug_Gain,Disc_Score,Inv_KL,Density,Coverage
breast_cancer,0.9545491291777936,0.9316259826739071,0.9611403160331718,0.022923146503886316,0.006591186855378383,0.4230769230769231,0.8845930587607527,0.7802197802197802,0.45494505494505494
heart_cleveland,0.2592585793177756,0.3102525270751224,0.28224089034528044,-0.05099394775734682,0.022982311027504847,0.422680412371134,0.8767250802223889,0.8966942148760331,0.5330578512396694
pima_diabetes,0.6906323285263217,0.7005744336057951,0.6907388613260383,-0.009942105079473285,0.00010653279971655217,0.36585365853658536,0.9280113785703454,0.9429967426710097,0.5586319218241043
mammographic_mass,0.8064076016336041,0.8054226056621433,0.8065318146269826,0.0009849959714609557,0.00012421299337836978,0.487012987012987,0.9689184005603338,0.98828125,0.3958333333333333
german_credit,0.640497300236816,0.604011604663284,0.6432785713705941,0.036485695573531894,0.0027812711337782403,0.471875,0.9336428255454178,0.86125,0.4925
