Dataset,Avg_TRTR_F1,Avg_TSTR_F1,Avg_Augmented_F1,Avg_F1_Gap,Avg_Aug_Gain,Disc_Score,Inv_KL,Density,Coverage
breast_cancer,0.9582068452446674,0.965462313011862,0.955098501508296,-0.00725546776719479,-0.0031083437363712994,0.5989010989010989,0.8604201282717907,0.6175824175824176,0.41098901098901097
heart_cleveland,0.2807063262371575,0.26768045248544475,0.2645811927607092,0.013025873751712746,-0.016125133476448346,0.29473684210526313,0.9321867008514272,0.890295358649789,0.5274261603375527
pima_diabetes,0.7157962448075342,0.716959171384491,0.7026237102740808,-0.0011629265769566466,-0.013172534533453373,0.3983739837398374,0.9236487453055092,0.9381107491856677,0.5553745928338762
mammographic_mass,0.8033204407030213,0.8122582690632282,0.8085813093090157,-0.008937828360206845,0.005260868605994373,0.40601503759398494,0.9835083897503109,0.9759036144578314,0.38403614457831325
ilpd,0.5232956538218202,0.5905035835974406,0.5656450372493286,-0.06720792977562037,0.042349383427508255,0.3817204301075269,0.8986152760435522,0.8747300215982722,0.531317494600432
