Dataset,Model,TRTR_ACC_Mean,TRTR_ACC_Std,TRTR_F1_Mean,TRTR_F1_Std,TRTR_AUC_Mean,TRTR_AUC_Std,TSTR_ACC_Mean,TSTR_ACC_Std,TSTR_F1_Mean,TSTR_F1_Std,TSTR_AUC_Mean,TSTR_AUC_Std,Augmented_ACC_Mean,Augmented_ACC_Std,Augmented_F1_Mean,Augmented_F1_Std,Augmented_AUC_Mean,Augmented_AUC_Std,F1_Gap,F1_Aug_Gain
german_credit,LR,0.775,0.0,0.7057958223006766,0.0,0.8109147734102656,1.1102230246251565e-16,0.775,0.0,0.7194426260170205,0.0,0.8111551869215049,1.1102230246251565e-16,0.77,0.0,0.7047875754075216,1.1102230246251565e-16,0.8170453179468685,0.0,-0.013646803716343858,-0.0010082468931550403
german_credit,DT,0.7200000000000001,0.016329931618554536,0.6387730852819837,0.01693835306601533,0.6322073967223625,0.01640351251208307,0.6616666666666667,0.0023570226039551605,0.6014502563872527,0.003269194217278631,0.603978843611011,0.005004365709734621,0.705,0.012247448713915901,0.6470481193920478,0.01604734167542175,0.6461113114557038,0.016832451451990013,0.03732282889473104,0.008275034110064028
german_credit,RF,0.785,0.008164965809277268,0.7126707408973191,0.008617647684559976,0.7988740633890291,0.007081380778424399,0.765,0.018708286933869726,0.6842726923740812,0.02526335741815475,0.8021797491685699,0.010405621191917616,0.7733333333333333,0.0023570226039551605,0.7001890559923707,0.00838165925580597,0.8087510518091117,0.0016978539357886703,0.028398048523237907,-0.012481684904948387
german_credit,MLP,0.7383333333333333,0.016499158227686123,0.6734611710176622,0.02348779423675537,0.7441198862042713,0.00850292285431812,0.6816666666666666,0.006236095644623192,0.6250575387786301,0.008929650478662766,0.7256481147573828,0.011663703612117039,0.7166666666666667,0.006236095644623242,0.6523271421145426,0.003576409343726789,0.7165524702488281,0.009753798665753446,0.0484036322390321,-0.02113402890311966
german_credit,XGB,0.8249999999999998,1.1102230246251565e-16,0.7793120842397302,1.1102230246251565e-16,0.8258204111071042,0.0,0.745,0.0,0.6746515262671048,1.1102230246251565e-16,0.7724486116119728,1.1102230246251565e-16,0.7799999999999999,1.1102230246251565e-16,0.7104882221344914,0.0,0.7990143046039188,0.0,0.10466055797262541,-0.06882386210523883
