Dataset,Avg_TRTR_F1,Avg_TSTR_F1,Avg_Augmented_F1,Avg_F1_Gap,Avg_Aug_Gain,Disc_Score,Inv_KL,Density,Coverage
german_credit,0.7020025807474745,0.6609749279648179,0.6829680230081948,0.04102765278265652,-0.01903455773927958,0.359375,0.9967110015957352,0.9075,0.5425
