Dataset,Model,TRTR_ACC_Mean,TRTR_ACC_Std,TRTR_F1_Mean,TRTR_F1_Std,TRTR_AUC_Mean,TRTR_AUC_Std,TSTR_ACC_Mean,TSTR_ACC_Std,TSTR_F1_Mean,TSTR_F1_Std,TSTR_AUC_Mean,TSTR_AUC_Std,Augmented_ACC_Mean,Augmented_ACC_Std,Augmented_F1_Mean,Augmented_F1_Std,Augmented_AUC_Mean,Augmented_AUC_Std,F1_Gap,F1_Aug_Gain
german_credit,LR,0.725,0.0,0.6025867986560208,0.0,0.6940476190476191,0.0,0.69,0.0,0.6067985794013191,0.0,0.6364285714285715,0.0,0.725,0.0,0.6203623813632442,0.0,0.6667857142857144,1.1102230246251565e-16,-0.004211780745298266,0.017775582707223347
german_credit,DT,0.665,0.012247448713915901,0.6016546469835761,0.005370579866755338,0.601984126984127,0.0031246062992109735,0.6366666666666667,0.008498365855987981,0.5814202018992184,0.008033204206290384,0.584920634920635,0.007796382025551055,0.71,0.007071067811865481,0.6402085635807875,0.01198796873581088,0.6357142857142857,0.012409917278660225,0.020234445084357677,0.03855391659721141
german_credit,RF,0.765,0.02483277404291892,0.6761403674938943,0.04063094058989081,0.7866666666666666,0.015376587296466902,0.715,0.014719601443879758,0.6378897012102805,0.01630421662174303,0.7298412698412698,0.010112782062722564,0.755,0.010801234497346443,0.6740215827602828,0.015056829015658734,0.7852380952380953,0.012192165681536932,0.03825066628361373,-0.0021187847336114896
german_credit,MLP,0.73,0.008164965809277268,0.6686584038765412,0.011624512325335666,0.7337301587301587,0.0179719414018793,0.6433333333333333,0.020138409955990973,0.5755057029376203,0.016944966711434046,0.6186507936507937,0.010001102232023199,0.695,0.02273030282830974,0.6303999204456869,0.024565363242543783,0.7073412698412699,0.017890005035531047,0.09315270093892092,-0.03825848343085425
german_credit,XGB,0.73,0.0,0.6534462841740469,0.0,0.7544047619047619,0.0,0.6750000000000002,1.1102230246251565e-16,0.6184438378679815,0.0,0.7096428571428571,0.0,0.71,0.0,0.6514004087029691,0.0,0.7367857142857143,0.0,0.035002446306065416,-0.002045875471077818
