Dataset,Avg_TRTR_F1,Avg_TSTR_F1,Avg_Augmented_F1,Avg_F1_Gap,Avg_Aug_Gain,Disc_Score,Inv_KL,Density,Coverage
german_credit,0.640497300236816,0.604011604663284,0.6432785713705941,0.036485695573531894,0.0027812711337782403,0.471875,0.9336428255454178,0.86125,0.4925
