Feature,Importance
target,1.0
Age,0.3272398370705602
BI-RADS,0.3144747416779902
Margin,0.17422981052047437
Shape,0.16196392818583405
