Feature,Importance
Severity,1.0
BI-RADS,0.344652977459541
Age,0.32209393761410954
Margin,0.17054500942344272
Shape,0.13985963642051505
Density,0.02284843908239159
