Dataset,Model,TRTR_ACC_Mean,TRTR_ACC_Std,TRTR_F1_Mean,TRTR_F1_Std,TRTR_AUC_Mean,TRTR_AUC_Std,TSTR_ACC_Mean,TSTR_ACC_Std,TSTR_F1_Mean,TSTR_F1_Std,TSTR_AUC_Mean,TSTR_AUC_Std,Augmented_ACC_Mean,Augmented_ACC_Std,Augmented_F1_Mean,Augmented_F1_Std,Augmented_AUC_Mean,Augmented_AUC_Std,F1_Gap,F1_Aug_Gain
heart_statlog,LR,0.8518518518518517,1.1102230246251565e-16,0.8516483516483516,0.0,0.9041666666666667,0.0,0.8148148148148148,0.0,0.8145604395604394,1.1102230246251565e-16,0.8736111111111112,1.1102230246251565e-16,0.8333333333333334,0.0,0.8328173374613003,0.0,0.8972222222222221,0.0,0.03708791208791218,-0.018831014187051354
heart_statlog,DT,0.7654320987654323,0.008729713347982055,0.764526529305007,0.008503096811450075,0.7680555555555554,0.007856742013183832,0.7962962962962963,0.026189140043946214,0.7960737375831716,0.02630608361502435,0.8097222222222223,0.025534411542847562,0.7469135802469137,0.01745942669596416,0.7461300309597524,0.017513480648583213,0.75,0.01767766952966373,-0.031547208278164596,-0.018396498345254586
heart_statlog,RF,0.8333333333333334,0.0,0.8318920788654444,1.1102230246251565e-16,0.8712962962962963,0.006219920760437201,0.808641975308642,0.01745942669596416,0.8080495356037152,0.017513480648583213,0.9053240740740741,0.005389095706862396,0.808641975308642,0.01745942669596416,0.8080495356037152,0.017513480648583213,0.8881944444444444,0.0031569865039318998,0.023842543261729188,-0.023842543261729188
heart_statlog,MLP,0.8271604938271605,0.008729713347982107,0.826628866238012,0.00907818755121685,0.8578703703703704,0.00951048082600654,0.7839506172839505,0.008729713347982055,0.783927323549965,0.008696771033461398,0.8564814814814815,0.00916619901538118,0.7716049382716049,0.008729713347982055,0.7715774093132585,0.008768645174233775,0.8393518518518519,0.0051135930635126964,0.042701542688047045,-0.05505145692475355
heart_statlog,XGB,0.8148148148148148,0.0,0.8137931034482758,1.1102230246251565e-16,0.8569444444444446,1.1102230246251565e-16,0.7777777777777778,0.0,0.7774725274725275,0.0,0.9027777777777778,0.0,0.8148148148148148,0.0,0.8137931034482758,1.1102230246251565e-16,0.8597222222222222,1.1102230246251565e-16,0.03632057597574834,0.0
