Dataset,Avg_TRTR_F1,Avg_TSTR_F1,Avg_Augmented_F1,Avg_F1_Gap,Avg_Aug_Gain,Disc_Score,Inv_KL,Density,Coverage
heart_statlog,0.8176977859010182,0.7960167127539637,0.7944734833572604,0.02168107314705443,-0.023224302543757736,0.367816091954023,0.9523643781883362,0.7916666666666666,0.47685185185185186
