Dataset,Model,TRTR_ACC_Mean,TRTR_ACC_Std,TRTR_F1_Mean,TRTR_F1_Std,TRTR_AUC_Mean,TRTR_AUC_Std,TSTR_ACC_Mean,TSTR_ACC_Std,TSTR_F1_Mean,TSTR_F1_Std,TSTR_AUC_Mean,TSTR_AUC_Std,Augmented_ACC_Mean,Augmented_ACC_Std,Augmented_F1_Mean,Augmented_F1_Std,Augmented_AUC_Mean,Augmented_AUC_Std,F1_Gap,F1_Aug_Gain
mammographic_mass,LR,0.8290155440414507,0.0,0.8288501330180313,0.0,0.9035220397579948,0.0,0.8393782383419689,0.0,0.8393782383419689,0.0,0.9091400172860847,1.1102230246251565e-16,0.844559585492228,0.0,0.844555412371134,1.1102230246251565e-16,0.9066551426101986,1.1102230246251565e-16,-0.010528105323937553,0.01570527935310262
mammographic_mass,DT,0.7702936096718479,0.002442510470419862,0.7700577681524013,0.0025595061296200166,0.7808448573898011,0.003284960197819938,0.7772020725388601,0.0,0.7768186096544305,0.0,0.7933772687986171,0.0,0.772020725388601,0.00423055223278616,0.7719609853522851,0.0042616895469669855,0.7743625756266206,0.005336867237049161,-0.006760841502029158,0.0019032171998837333
mammographic_mass,RF,0.7892918825561313,0.002442510470419862,0.7892900278356451,0.0024398874995538227,0.8593885047536732,0.0010144458384473989,0.7962003454231432,0.0024425104704198096,0.796198490702657,0.002445133441285849,0.8592084413713629,0.0012257542801150322,0.7858376511226252,0.002442510470419862,0.7858280986996079,0.002439904844509681,0.845163497551138,0.0013553881638258519,-0.006908462867011966,-0.0034619291360371562
mammographic_mass,MLP,0.8307426597582038,0.002442510470419862,0.8304136559610841,0.002422642139721153,0.9116969173148949,0.00022199704706745812,0.8221070811744386,0.002442510470419862,0.8220216638329273,0.002397679603851336,0.9030898876404495,0.0036124143252593763,0.8221070811744386,0.0064622752794023,0.8220450103271365,0.0065077424791855935,0.906114952463267,0.0029163598157631292,0.008391992128156778,-0.008368645633947569
mammographic_mass,XGB,0.8134715025906735,1.1102230246251565e-16,0.8134264232008593,1.1102230246251565e-16,0.8781331028522038,1.1102230246251565e-16,0.7927461139896373,0.0,0.7926960257787327,1.1102230246251565e-16,0.8766205704407951,0.0,0.8082901554404144,1.1102230246251565e-16,0.8082695663847496,1.1102230246251565e-16,0.8756482281763182,1.1102230246251565e-16,0.02073039742212668,-0.005156856816109778
