Dataset,Avg_TRTR_F1,Avg_TSTR_F1,Avg_Augmented_F1,Avg_F1_Gap,Avg_Aug_Gain,Disc_Score,Inv_KL,Density,Coverage
mammographic_mass,0.8064076016336041,0.8054226056621433,0.8065318146269826,0.0009849959714609557,0.00012421299337836978,0.487012987012987,0.9689184005603338,0.98828125,0.3958333333333333
