Dataset,Avg_TRTR_F1,Avg_TSTR_F1,Avg_Augmented_F1,Avg_F1_Gap,Avg_Aug_Gain,Disc_Score,Inv_KL,Density,Coverage
heart_failure_clinical_records,0.8107739598179846,0.7635257288075914,0.7993748507880147,0.047248231010393105,-0.011399109029969833,0.3541666666666667,0.8948655799745276,0.8368200836820083,0.49372384937238495
