Dataset,Model,TRTR_ACC_Mean,TRTR_ACC_Std,TRTR_F1_Mean,TRTR_F1_Std,TRTR_AUC_Mean,TRTR_AUC_Std,TSTR_ACC_Mean,TSTR_ACC_Std,TSTR_F1_Mean,TSTR_F1_Std,TSTR_AUC_Mean,TSTR_AUC_Std,Augmented_ACC_Mean,Augmented_ACC_Std,Augmented_F1_Mean,Augmented_F1_Std,Augmented_AUC_Mean,Augmented_AUC_Std,F1_Gap,F1_Aug_Gain
heart_failure_clinical_records,LR,0.8000000000000002,1.1102230246251565e-16,0.7749999999999999,0.0,0.8793324775353017,0.0,0.75,0.0,0.6974789915966385,1.1102230246251565e-16,0.8087291399229781,0.0,0.8000000000000002,1.1102230246251565e-16,0.7749999999999999,0.0,0.8767650834403081,0.0,0.0775210084033614,0.0
heart_failure_clinical_records,DT,0.7999999999999999,0.01360827634879543,0.7710313585367073,0.01557872364214433,0.7736414206247325,0.01607044241182197,0.8055555555555557,0.01571348402636772,0.7853609302735863,0.01859741278995652,0.8012409071459136,0.022242518473884476,0.811111111111111,0.020786985482077466,0.790781522047672,0.021404712909092592,0.8053059477963201,0.021887777091757106,-0.014329571736878988,0.019750163510964702
heart_failure_clinical_records,RF,0.8777777777777778,0.01571348402636772,0.8645299145299146,0.018143478315259157,0.9392383397518186,0.007866827689709149,0.8555555555555555,0.028327886186626582,0.8298642876956129,0.032908335231079444,0.9338896020539152,0.0027731025667127812,0.8444444444444444,0.007856742013183834,0.823262383019293,0.01131630443492079,0.9443731279418057,0.0016846401099725624,0.03466562683430163,-0.04126753151062157
heart_failure_clinical_records,MLP,0.8000000000000002,1.1102230246251565e-16,0.7729781771501925,0.002859289294913469,0.8682071031236628,0.008471968281225269,0.75,0.0,0.6974789915966385,1.1102230246251565e-16,0.7928968763371844,0.019392844148266457,0.7666666666666667,0.0,0.7375000000000002,1.1102230246251565e-16,0.8395378690629012,0.01586114933063811,0.07549918555355395,-0.0354781771501923
heart_failure_clinical_records,XGB,0.8833333333333333,0.0,0.8703303488731088,1.1102230246251565e-16,0.9576379974326059,0.0,0.8333333333333334,0.0,0.8074454428754813,1.1102230246251565e-16,0.9229781771501925,0.0,0.8833333333333333,0.0,0.8703303488731088,1.1102230246251565e-16,0.962772785622593,0.0,0.06288490599762753,0.0
