Feature,Importance
target,1.0
Age,0.1880698148305117
ALB,0.13585990559620248
Alkphos,0.1301082098660826
TP,0.1268996710174778
A_G_Ratio,0.11622579260618858
DB,0.07996989049565492
TB,0.07600983155231242
Sgpt,0.06391052477926057
