Dataset,Model,TRTR_ACC_Mean,TRTR_ACC_Std,TRTR_F1_Mean,TRTR_F1_Std,TRTR_AUC_Mean,TRTR_AUC_Std,TSTR_ACC_Mean,TSTR_ACC_Std,TSTR_F1_Mean,TSTR_F1_Std,TSTR_AUC_Mean,TSTR_AUC_Std,Augmented_ACC_Mean,Augmented_ACC_Std,Augmented_F1_Mean,Augmented_F1_Std,Augmented_AUC_Mean,Augmented_AUC_Std,F1_Gap,F1_Aug_Gain
breast_cancer,LR,0.9824561403508771,0.0,0.9811507936507938,1.1102230246251565e-16,0.9957010582010581,0.0,0.9385964912280702,0.0,0.9349474199070679,1.1102230246251565e-16,0.9897486772486773,0.0,0.9736842105263158,0.0,0.9718634306869601,0.0,0.9943783068783069,0.0,0.04620337374372596,-0.0092873629638337
breast_cancer,DT,0.9239766081871345,0.00827025475071988,0.9200535374448418,0.008372835173846552,0.9298941798941799,0.0065472850109865284,0.9210526315789473,0.007162250709892356,0.9172822367411396,0.00749600017505126,0.9292328042328042,0.007783467126944354,0.9502923976608186,0.00413512737535994,0.9470282516081246,0.004297417564909476,0.9507275132275131,0.0032736425054933687,0.0027713007037021287,0.026974714163282898
breast_cancer,RF,0.956140350877193,0.0,0.9526381387619444,0.0,0.9934964726631392,0.0009951207057577185,0.9473684210526315,0.0,0.943989518506387,1.1102230246251565e-16,0.9869378306878307,0.0010192483470517451,0.9532163742690059,0.00413512737535994,0.9500669847098625,0.004297417564909476,0.9921186067019402,0.00031177547671366163,0.008648620255557349,-0.0025711540520818588
breast_cancer,MLP,0.9678362573099415,0.00413512737535994,0.9657275962318255,0.004338690151463809,0.9954805996472663,0.0006235509534272709,0.9502923976608186,0.00413512737535994,0.9470282516081249,0.004297417564909476,0.9907407407407408,0.000714367360935631,0.9590643274853802,0.00413512737535994,0.9564330893926831,0.00440633199755008,0.992173721340388,0.0013319054203697529,0.018699344623700598,-0.009294506839142347
breast_cancer,XGB,0.9649122807017544,0.0,0.9619111259605746,0.0,0.9937169312169313,0.0,0.9298245614035089,1.1102230246251565e-16,0.925974025974026,1.1102230246251565e-16,0.9814814814814814,0.0,0.9473684210526315,0.0,0.9434523809523809,0.0,0.9900793650793651,0.0,0.03593709998654859,-0.018458745008193667
