Dataset,Avg_TRTR_F1,Avg_TSTR_F1,Avg_Augmented_F1,Avg_F1_Gap,Avg_Aug_Gain,Disc_Score,Inv_KL,Density,Coverage
breast_cancer,0.9562962384099961,0.9338442905473491,0.9537688274700024,0.022451947862646926,-0.002527410939993735,0.5439560439560439,0.9023286668088001,0.8307692307692308,0.46373626373626375
