Dataset,Avg_TRTR_F1,Avg_TSTR_F1,Avg_Augmented_F1,Avg_F1_Gap,Avg_Aug_Gain,Disc_Score,Inv_KL,Density,Coverage
heart_cleveland,0.2807063262371575,0.26768045248544475,0.2645811927607092,0.013025873751712746,-0.016125133476448346,0.29473684210526313,0.9321867008514272,0.890295358649789,0.5274261603375527
