Dataset,Model,TRTR_ACC_Mean,TRTR_ACC_Std,TRTR_F1_Mean,TRTR_F1_Std,TRTR_AUC_Mean,TRTR_AUC_Std,TSTR_ACC_Mean,TSTR_ACC_Std,TSTR_F1_Mean,TSTR_F1_Std,TSTR_AUC_Mean,TSTR_AUC_Std,Augmented_ACC_Mean,Augmented_ACC_Std,Augmented_F1_Mean,Augmented_F1_Std,Augmented_AUC_Mean,Augmented_AUC_Std,F1_Gap,F1_Aug_Gain
heart_cleveland,LR,0.6166666666666667,0.0,0.2867306533129318,0.0,0.7622020961916108,1.1102230246251565e-16,0.5833333333333334,0.0,0.26483660130718956,0.0,0.7912807420391245,1.1102230246251565e-16,0.5666666666666667,0.0,0.19809523809523807,0.0,0.7982566200223481,1.1102230246251565e-16,0.021894052005742237,-0.08863541521769372
heart_cleveland,DT,0.538888888888889,0.01571348402636772,0.30548614429049215,0.01255871482769325,0.5966098165766662,0.009456354657635297,0.45,0.01360827634879543,0.24362955437465383,0.00977198561546215,0.5567337073555311,0.0068570910838461705,0.46666666666666673,0.02357022603955158,0.2252763488584384,0.014812616655169919,0.5403308605598459,0.012526176327101906,0.06185658991583831,-0.08020979543205375
heart_cleveland,RF,0.6166666666666667,0.03600411499115475,0.2518518518518518,0.05350730370770503,0.7419552579231029,0.017474424021669214,0.6000000000000001,0.01360827634879543,0.25770634498704675,0.019916293994068322,0.7356123186581498,0.007265499757928516,0.6055555555555555,0.028327886186626582,0.2744486721855143,0.03714978404503209,0.7159701504896878,0.01115643365998251,-0.005854493135194927,0.02259682033366245
heart_cleveland,MLP,0.6111111111111112,0.007856742013183886,0.2808836798321652,0.02583245976714707,0.756908966999276,0.013792698967992187,0.49444444444444446,0.020786985482077466,0.2277853173138893,0.005247721141628357,0.7275440747375489,0.003812101987395426,0.5611111111111111,0.02832788618662657,0.28923978498281905,0.039612498777983,0.7488377525375453,0.008694360242161532,0.05309836251827593,0.008356105150653825
heart_cleveland,XGB,0.5833333333333334,0.0,0.27857930189834657,0.0,0.7620320708524752,0.0,0.65,0.0,0.3444444444444444,5.551115123125783e-17,0.7606826329731436,1.1102230246251565e-16,0.6166666666666667,0.0,0.33584591968153604,5.551115123125783e-17,0.7612609832915341,0.0,-0.06586514254609782,0.05726661778318948
