Dataset,Model,TRTR_ACC_Mean,TRTR_ACC_Std,TRTR_F1_Mean,TRTR_F1_Std,TRTR_AUC_Mean,TRTR_AUC_Std,TSTR_ACC_Mean,TSTR_ACC_Std,TSTR_F1_Mean,TSTR_F1_Std,TSTR_AUC_Mean,TSTR_AUC_Std,Augmented_ACC_Mean,Augmented_ACC_Std,Augmented_F1_Mean,Augmented_F1_Std,Augmented_AUC_Mean,Augmented_AUC_Std,F1_Gap,F1_Aug_Gain
parkinsons,LR,0.923076923076923,1.1102230246251565e-16,0.8956289027653881,0.0,0.9206896551724139,0.0,0.8205128205128206,1.1102230246251565e-16,0.7564674397859056,1.1102230246251565e-16,0.8586206896551724,0.0,0.923076923076923,1.1102230246251565e-16,0.8956289027653881,0.0,0.9137931034482759,0.0,0.1391614629794825,0.0
parkinsons,DT,0.9487179487179486,1.1102230246251565e-16,0.9366883116883117,0.0,0.9655172413793102,1.1102230246251565e-16,0.6923076923076924,0.05539094614023813,0.6322354388843314,0.06846441844894056,0.6511494252873563,0.07544731625045528,0.8119658119658121,0.012087295404898257,0.7676242648782695,0.01558366297494477,0.786206896551724,0.020737492589274452,0.30445287280398026,-0.16906404681004217
parkinsons,RF,0.9316239316239315,0.012087295404898205,0.9080054754068104,0.01750311688519532,0.9747126436781609,0.00958237471295004,0.8034188034188033,0.012087295404898257,0.7499058513577569,0.016843622574254313,0.871264367816092,0.006944279295169271,0.8974358974358975,0.0,0.8655172413793104,0.0,0.9655172413793104,0.001407752725737507,0.15809962404905353,-0.042488234027500016
parkinsons,MLP,0.9487179487179486,1.1102230246251565e-16,0.9327586206896553,1.1102230246251565e-16,0.9954022988505747,0.0016255328303138533,0.7264957264957266,0.012087295404898257,0.6736044015029522,0.018009778189641282,0.8022988505747127,0.003251065660627811,0.9316239316239315,0.012087295404898205,0.9172360248447204,0.013754843936689201,0.97816091954023,0.005860941969646891,0.2591542191867031,-0.015522595844934872
parkinsons,XGB,0.9487179487179486,1.1102230246251565e-16,0.9327586206896553,1.1102230246251565e-16,0.9482758620689656,1.1102230246251565e-16,0.7948717948717948,0.0,0.7467532467532467,0.0,0.8517241379310345,0.0,0.923076923076923,1.1102230246251565e-16,0.9075098814229249,0.0,0.9689655172413794,0.0,0.1860053739364086,-0.025248739266730436
