Dataset,Avg_TRTR_F1,Avg_TSTR_F1,Avg_Augmented_F1,Avg_F1_Gap,Avg_Aug_Gain,Disc_Score,Inv_KL,Density,Coverage
parkinsons,0.9211679862479641,0.7117932756568386,0.8707032630581226,0.2093747105911256,-0.0504647231898415,0.5555555555555556,0.6526704671977701,0.6794871794871795,0.4358974358974359
