Dataset,Avg_TRTR_F1,Avg_TSTR_F1,Avg_Augmented_F1,Avg_F1_Gap,Avg_Aug_Gain,Disc_Score,Inv_KL,Density,Coverage
breast_cancer,0.9582068452446674,0.965462313011862,0.955098501508296,-0.00725546776719479,-0.0031083437363712994,0.5989010989010989,0.8604201282717907,0.6175824175824176,0.41098901098901097
