Dataset,Model,TRTR_ACC_Mean,TRTR_ACC_Std,TRTR_F1_Mean,TRTR_F1_Std,TRTR_AUC_Mean,TRTR_AUC_Std,TSTR_ACC_Mean,TSTR_ACC_Std,TSTR_F1_Mean,TSTR_F1_Std,TSTR_AUC_Mean,TSTR_AUC_Std,Augmented_ACC_Mean,Augmented_ACC_Std,Augmented_F1_Mean,Augmented_F1_Std,Augmented_AUC_Mean,Augmented_AUC_Std,F1_Gap,F1_Aug_Gain
breast_cancer,LR,0.9824561403508771,0.0,0.9811507936507938,1.1102230246251565e-16,0.9970520799213888,0.0,0.9736842105263158,0.0,0.9718634306869601,0.0,0.9983622666229938,0.0,0.9736842105263158,0.0,0.9718634306869601,0.0,0.9986898132983951,0.0,0.0092873629638337,-0.0092873629638337
breast_cancer,DT,0.9122807017543858,1.1102230246251565e-16,0.9071947541485702,0.0003857667981980182,0.9097062998143901,0.002161697769759085,0.956140350877193,0.0,0.9527939984451629,0.00022041887783490674,0.9479746697237689,0.002161697769759085,0.9210526315789473,0.0,0.9163609684519441,1.1102230246251565e-16,0.9182771044873895,1.1102230246251565e-16,-0.04559924429659268,0.009166214303373943
breast_cancer,RF,0.9619883040935672,0.00413512737535994,0.9592362974715914,0.004334974450184225,0.9946500709684463,0.0008597017004052694,0.9707602339181287,0.00413512737535994,0.9684891179386401,0.0043752448722596295,0.9945408887433126,0.0005404244424397675,0.9590643274853802,0.00413512737535994,0.9561710076415958,0.004334974450184225,0.9941041598427777,0.0010095666562347139,-0.009252820467048672,-0.0030652898299956544
breast_cancer,MLP,0.9824561403508771,0.0,0.9811507936507938,1.1102230246251565e-16,0.9924664264657714,0.00026744074055936175,0.9736842105263158,0.0,0.9718634306869601,0.0,0.9946500709684464,0.0001544069835541942,0.9707602339181287,0.00413512737535994,0.9687955134593927,0.004338690151463809,0.9939949776176439,0.0004085224791761468,0.0092873629638337,-0.012355280191401086
breast_cancer,XGB,0.9649122807017544,0.0,0.9623015873015873,1.1102230246251565e-16,0.9937766131673764,0.0,0.9649122807017544,0.0,0.9623015873015873,1.1102230246251565e-16,0.9924664264657713,0.0,0.9649122807017544,0.0,0.9623015873015873,1.1102230246251565e-16,0.9941041598427777,1.1102230246251565e-16,0.0,0.0
