Dataset,Model,TRTR_ACC_Mean,TRTR_ACC_Std,TRTR_F1_Mean,TRTR_F1_Std,TRTR_AUC_Mean,TRTR_AUC_Std,TSTR_ACC_Mean,TSTR_ACC_Std,TSTR_F1_Mean,TSTR_F1_Std,TSTR_AUC_Mean,TSTR_AUC_Std,Augmented_ACC_Mean,Augmented_ACC_Std,Augmented_F1_Mean,Augmented_F1_Std,Augmented_AUC_Mean,Augmented_AUC_Std,F1_Gap,F1_Aug_Gain
heart_statlog,LR,0.9259259259259259,0.0,0.9205882352941176,1.1102230246251565e-16,0.9552669552669553,0.0,0.8703703703703703,0.0,0.8647584973166369,0.0,0.9552669552669553,0.0,0.8703703703703703,0.0,0.8623953403713142,0.0,0.9595959595959597,1.1102230246251565e-16,0.0558297379774807,-0.05819289492280344
heart_statlog,DT,0.7160493827160493,0.031475429096251756,0.7116145893385603,0.029701969358315466,0.7243867243867244,0.02575262380602423,0.6975308641975309,0.008729713347982055,0.6875180375180374,0.008009795429025059,0.6919191919191919,0.007142492739258102,0.7530864197530865,0.023096650535641628,0.7386050425730076,0.025284240336454104,0.7373737373737373,0.025873623487793807,0.024096551820522838,0.026990453234447376
heart_statlog,RF,0.8456790123456791,0.008729713347982055,0.8300620222043498,0.010651803883732082,0.9023569023569024,0.01361749655304667,0.8271604938271605,0.008729713347982107,0.8119555594115228,0.007628487748677743,0.8689273689273689,0.005811950925249933,0.8456790123456791,0.008729713347982055,0.8351442215036725,0.008530888467001438,0.9028379028379029,0.0022303074784741864,0.018106462792827016,0.005082199299322743
heart_statlog,MLP,0.8518518518518517,1.1102230246251565e-16,0.8421695951107716,0.0014044901688960933,0.8744588744588745,0.0073578925160069095,0.8888888888888888,0.01512030705421717,0.8809810817173185,0.015215660271544766,0.935064935064935,0.019467153770897572,0.8333333333333334,0.01512030705421717,0.8179948198254835,0.01660516383044811,0.8532948532948533,0.013756950116474407,-0.038811486606546874,-0.024174775285288108
heart_statlog,XGB,0.7962962962962963,0.0,0.7738865626189572,1.1102230246251565e-16,0.886002886002886,1.1102230246251565e-16,0.7777777777777778,0.0,0.7617647058823529,0.0,0.8614718614718614,1.1102230246251565e-16,0.8518518518518517,1.1102230246251565e-16,0.837593984962406,0.0,0.9134199134199134,0.0,0.012121856736604264,0.06370742234344884
