Dataset,Avg_TRTR_F1,Avg_TSTR_F1,Avg_Augmented_F1,Avg_F1_Gap,Avg_Aug_Gain,Disc_Score,Inv_KL,Density,Coverage
heart_statlog,0.8156642009133511,0.8013955763691737,0.8183466818471767,0.014268624544177589,0.002682480933825482,0.4482758620689655,0.9279733292100654,0.8611111111111112,0.4861111111111111
