Feature,Importance
heart-disease,1.0
oldpeak,0.13800219417431192
chest-pain,0.13346964498960187
thal,0.11473032865409019
max-heart-rate,0.10525901119308571
age,0.09517130677983289
major-vessels,0.08509192648907273
serum-chol,0.08348493287430496
rest-bp,0.0795467457183798
slope,0.05968901310147139
angina,0.05271993026667302
sex,0.025117010441857063
electrocardiographic,0.01844204298559432
fasting-blood-sugar,0.009275912331724236
