Feature,Importance
target,1.0
Glucose,0.27950249433702684
BMI,0.15165045752923006
Age,0.1271676892921705
DiabetesPedigreeFunction,0.11637622008579919
BloodPressure,0.09208721788253531
Pregnancies,0.08941723862076902
SkinThickness,0.0742207931336671
