Dataset,Model,TRTR_ACC_Mean,TRTR_ACC_Std,TRTR_F1_Mean,TRTR_F1_Std,TRTR_AUC_Mean,TRTR_AUC_Std,TSTR_ACC_Mean,TSTR_ACC_Std,TSTR_F1_Mean,TSTR_F1_Std,TSTR_AUC_Mean,TSTR_AUC_Std,Augmented_ACC_Mean,Augmented_ACC_Std,Augmented_F1_Mean,Augmented_F1_Std,Augmented_AUC_Mean,Augmented_AUC_Std,F1_Gap,F1_Aug_Gain
mammographic_mass,LR,0.8493975903614458,0.0,0.8492608332425267,0.0,0.9044214212753539,0.0,0.8493975903614458,0.0,0.8487333697831237,0.0,0.8974171895520211,0.0,0.8493975903614458,0.0,0.8489535941765242,1.1102230246251565e-16,0.901502991390632,1.1102230246251565e-16,0.0005274634594029104,-0.00030723906600249595
mammographic_mass,DT,0.7710843373493977,1.1102230246251565e-16,0.7700047299766402,0.0001738441636283521,0.7937642881463106,0.0035073475630969485,0.8072289156626505,0.004918654101974269,0.8065191038064733,0.005051834119212692,0.8168928449827325,0.0029984016746773053,0.8032128514056224,0.0028397862698255273,0.8028271797762194,0.002795175039780769,0.8228756262464128,0.0027171280565075322,-0.036514373829833136,0.03282244979957927
mammographic_mass,RF,0.7891566265060241,0.004918654101974269,0.7889614977283079,0.004860708839794183,0.8707135561068146,0.0009362506228376746,0.7951807228915663,0.0,0.7941047716328615,0.0,0.8613989007247435,0.002996033580317048,0.7831325301204819,0.004918654101974269,0.7826200101467841,0.005033589282715041,0.874142711221363,0.0010335390515528564,-0.0051432739045536024,-0.006341487581523864
mammographic_mass,MLP,0.8152610441767068,0.002839786269825475,0.8136712287017801,0.002765628180000198,0.9023785203560485,0.0016029239800850468,0.8012048192771085,0.009837308203948493,0.8002184658322212,0.009746792583891441,0.8762585728877864,0.00575234301603004,0.8092369477911646,0.002839786269825475,0.8081777143318275,0.002773921463570474,0.8901697553382947,0.003653545786898917,0.013452762869558876,-0.005493514369952601
mammographic_mass,XGB,0.7951807228915663,0.0,0.7947039138658519,1.1102230246251565e-16,0.8608638552458777,0.0,0.8132530120481928,0.0,0.8117156342614612,1.1102230246251565e-16,0.8404348460528236,0.0,0.8012048192771083,1.1102230246251565e-16,0.8003280481137235,1.1102230246251565e-16,0.8683788121990368,0.0,-0.017011720395609276,0.0056241342478715595
