Dataset,Avg_TRTR_F1,Avg_TSTR_F1,Avg_Augmented_F1,Avg_F1_Gap,Avg_Aug_Gain,Disc_Score,Inv_KL,Density,Coverage
mammographic_mass,0.8033204407030213,0.8122582690632282,0.8085813093090157,-0.008937828360206845,0.005260868605994373,0.40601503759398494,0.9835083897503109,0.9759036144578314,0.38403614457831325
