Dataset,Model,TRTR_ACC_Mean,TRTR_ACC_Std,TRTR_F1_Mean,TRTR_F1_Std,TRTR_AUC_Mean,TRTR_AUC_Std,TSTR_ACC_Mean,TSTR_ACC_Std,TSTR_F1_Mean,TSTR_F1_Std,TSTR_AUC_Mean,TSTR_AUC_Std,Augmented_ACC_Mean,Augmented_ACC_Std,Augmented_F1_Mean,Augmented_F1_Std,Augmented_AUC_Mean,Augmented_AUC_Std,F1_Gap,F1_Aug_Gain
pima_diabetes,LR,0.7142857142857143,0.0,0.6775176089853416,0.0,0.8194444444444445,0.0,0.7207792207792206,1.1102230246251565e-16,0.6863840871418422,1.1102230246251565e-16,0.8212962962962963,0.0,0.7142857142857143,0.0,0.6775176089853416,0.0,0.822962962962963,0.0,-0.008866478156500546,0.0
pima_diabetes,DT,0.712121212121212,0.008098825512497692,0.6816352471084804,0.007186110707581516,0.6803703703703704,0.006236095644623281,0.6623376623376623,0.014027577269281055,0.6189148550175257,0.01473974603548843,0.6164814814814815,0.01413324145219505,0.6731601731601732,0.006122136633649764,0.6415733332510042,0.003333424450333475,0.6418518518518519,0.002433383128941654,0.0627203920909547,-0.04006191385747626
pima_diabetes,RF,0.7402597402597403,0.005301925850180041,0.7096051104441642,0.00412483405718789,0.807993827160494,0.010279121626450893,0.7445887445887446,0.00809882551249773,0.7178642803779206,0.010526183633691465,0.81179012345679,0.0019500702467816222,0.7380952380952381,0.0030610683168249084,0.709461703644981,0.0024082607636371663,0.8113271604938271,0.0032817801237085904,-0.008259169933756416,-0.00014340679918323218
pima_diabetes,MLP,0.725108225108225,0.011036838774010368,0.6950769109047883,0.008644715836844721,0.8019135802469135,0.00434648561537879,0.7597402597402598,0.009183204950474673,0.734254400037141,0.009741057403131349,0.8140740740740741,0.00357492153964701,0.7510822510822511,0.017043307086605647,0.7304295681759081,0.021369541395566394,0.8044444444444444,0.005949029038595996,-0.03917748913235275,0.0353526572711198
pima_diabetes,XGB,0.7207792207792206,1.1102230246251565e-16,0.6893267651888341,1.1102230246251565e-16,0.8064814814814816,0.0,0.7662337662337663,0.0,0.7454545454545455,0.0,0.8024074074074075,0.0,0.7207792207792206,1.1102230246251565e-16,0.6947120925729565,0.0,0.7957407407407407,0.0,-0.05612778026571141,0.005385327384122451
