Dataset,Avg_TRTR_F1,Avg_TSTR_F1,Avg_Augmented_F1,Avg_F1_Gap,Avg_Aug_Gain,Disc_Score,Inv_KL,Density,Coverage
pima_diabetes,0.6906323285263217,0.7005744336057951,0.6907388613260383,-0.009942105079473285,0.00010653279971655217,0.36585365853658536,0.9280113785703454,0.9429967426710097,0.5586319218241043
