Feature,Importance
A15,1.0
A8,0.30160516311588925
A10,0.10599657552020994
A7,0.09857217836335622
A3,0.08034111039938167
A14,0.07563137573321353
A2,0.07254006156626115
A5,0.0698773407817262
A13,0.06775197983255249
A9,0.05144982981690676
A6,0.025363811240834346
A4,0.017505197047103536
A11,0.011759178760682032
A1,0.011035694802865195
A12,0.010570503019017845
