Feature,Importance
target,1.0
A8,0.31595989798354884
A10,0.11116358729016992
A7,0.0864651194455322
A5,0.07935891057613856
A2,0.07792153735899053
A3,0.07675224528698739
A13,0.07318897101338627
A9,0.048600861347385456
A6,0.0362934198423059
A14,0.03275251008806245
A12,0.018591732952950784
