Dataset,Avg_TRTR_F1,Avg_TSTR_F1,Avg_Augmented_F1,Avg_F1_Gap,Avg_Aug_Gain,Disc_Score,Inv_KL,Density,Coverage
ilpd,0.5232956538218202,0.5905035835974406,0.5656450372493286,-0.06720792977562037,0.042349383427508255,0.3817204301075269,0.8986152760435522,0.8747300215982722,0.531317494600432
