Dataset,Model,TRTR_ACC_Mean,TRTR_ACC_Std,TRTR_F1_Mean,TRTR_F1_Std,TRTR_AUC_Mean,TRTR_AUC_Std,TSTR_ACC_Mean,TSTR_ACC_Std,TSTR_F1_Mean,TSTR_F1_Std,TSTR_AUC_Mean,TSTR_AUC_Std,Augmented_ACC_Mean,Augmented_ACC_Std,Augmented_F1_Mean,Augmented_F1_Std,Augmented_AUC_Mean,Augmented_AUC_Std,F1_Gap,F1_Aug_Gain
ilpd,LR,0.6551724137931034,0.0,0.47463768115942023,5.551115123125783e-17,0.7731761707550175,0.0,0.6637931034482759,0.0,0.5567747624179484,0.0,0.7352660082828927,0.0,0.6637931034482759,0.0,0.5352850539291217,0.0,0.7575661038547308,0.0,-0.0821370812585282,0.0606473727697015
ilpd,DT,0.5948275862068965,0.012191496227354265,0.527968874146827,0.012496954694593991,0.5331315705638738,0.011939044091394435,0.6379310344827586,0.01862281809887318,0.5960740551687406,0.018921344084832654,0.5944568333864289,0.018069472084276436,0.6666666666666666,0.010751889042453847,0.623238723134801,0.008735259986561975,0.6204736115535733,0.008147343064379628,-0.06810518102191354,0.09526984898797397
ilpd,RF,0.6264367816091955,0.004063832075784738,0.5055639983224828,0.004641125377377618,0.7474248699161091,0.013626411035167707,0.7011494252873564,0.008127664151569475,0.628268756845564,0.012107009923527307,0.7626101730912179,0.008044970569678005,0.6408045977011495,0.004063832075784738,0.542941073695708,0.007325856599870682,0.7504513114580016,0.008500914024906431,-0.12270475852308127,0.03737707537322521
ilpd,MLP,0.6350574712643678,0.010751889042453855,0.5529955577585747,0.012018110797308863,0.709673993840926,0.010115487483580595,0.6580459770114943,0.0284468245304933,0.5737369627590388,0.025113630399801332,0.7220983328023788,0.01342633051256121,0.6379310344827587,0.0,0.5516687603954366,0.013737523240008554,0.6989487097801849,0.002129121552061506,-0.020741405000464175,-0.0013267973631381214
ilpd,XGB,0.6379310344827587,0.0,0.5553121577217963,0.0,0.7209302325581395,0.0,0.6724137931034483,0.0,0.597663380795911,0.0,0.750557502389296,0.0,0.6637931034482759,0.0,0.575091575091575,0.0,0.7419560369544441,0.0,-0.04235122307411465,0.01977941736977873
