Feature,Importance
Selector,1.0
Alkphos,0.15234854809443416
Sgot,0.1380642224844011
Age,0.131580871929258
Sgpt,0.1280319714962981
TB,0.09237652331565142
ALB,0.09109086283121964
DB,0.0881165151332452
TP,0.08713963675661761
A/G Ratio,0.07132084667364372
Gender,0.019930001285231015
