Dataset,Avg_TRTR_F1,Avg_TSTR_F1,Avg_Augmented_F1,Avg_F1_Gap,Avg_Aug_Gain,Disc_Score,Inv_KL,Density,Coverage
australian_credit,0.8406923571695902,0.8442763522652793,0.8216534397092492,-0.0035839950956892295,-0.019038917460340855,0.4434389140271493,0.9458825207511781,0.9039855072463768,0.48007246376811596
