Dataset,Model,TRTR_ACC_Mean,TRTR_ACC_Std,TRTR_F1_Mean,TRTR_F1_Std,TRTR_AUC_Mean,TRTR_AUC_Std,TSTR_ACC_Mean,TSTR_ACC_Std,TSTR_F1_Mean,TSTR_F1_Std,TSTR_AUC_Mean,TSTR_AUC_Std,Augmented_ACC_Mean,Augmented_ACC_Std,Augmented_F1_Mean,Augmented_F1_Std,Augmented_AUC_Mean,Augmented_AUC_Std,F1_Gap,F1_Aug_Gain
australian_credit,LR,0.8768115942028986,0.0,0.8683427801784611,0.0,0.9037638043723236,1.1102230246251565e-16,0.8623188405797103,1.1102230246251565e-16,0.8559578091523375,0.0,0.8933964390353842,0.0,0.8623188405797103,1.1102230246251565e-16,0.8550019355195487,0.0,0.9091728645481182,0.0,0.01238497102612357,-0.013340844658912387
australian_credit,DT,0.8429951690821257,0.0034159747883408245,0.8303465346534654,0.004025607912695722,0.8281496506648636,0.0046216129489316665,0.8381642512077295,0.006831949576681597,0.8291465790198244,0.007507359841415828,0.8379160093156036,0.012329795350569344,0.8333333333333334,0.011833283781561253,0.8223724327319951,0.011522917728739628,0.8245436105476673,0.0095778811633427,0.0011999556336410588,-0.0079741019214703
australian_credit,RF,0.8743961352657005,0.009037819774816274,0.8636774524910118,0.010020194828214623,0.9223950116445044,0.004387953376211345,0.8623188405797103,1.1102230246251565e-16,0.8559578091523375,0.0,0.9083089174367065,0.005009547107744994,0.859903381642512,0.0034159747883408245,0.8519356791448428,0.003630030677330431,0.914206295545038,0.0011577668850892076,0.0077196433386742536,-0.011741773346168993
australian_credit,MLP,0.7922705314009661,0.013663899153363246,0.773824862938025,0.015776613442243573,0.8794230335812485,0.008021244273181032,0.8309178743961353,0.0034159747883408245,0.8243617548495598,0.0033059672344597072,0.8743144767485539,0.007149201264139568,0.7777777777777778,0.012316472255055003,0.7614968336895421,0.013995698655421527,0.8810758019682968,0.006959588657812951,-0.050536891911534765,-0.012328029248482864
australian_credit,XGB,0.8768115942028986,0.0,0.8672701555869873,0.0,0.9066937119675457,0.0,0.8623188405797103,1.1102230246251565e-16,0.8559578091523375,0.0,0.8945233265720081,0.0,0.8260869565217391,0.0,0.8174603174603176,1.1102230246251565e-16,0.899481631733153,0.0,0.011312346434649734,-0.049809838126669725
