Dataset,Model,TRTR_ACC_Mean,TRTR_ACC_Std,TRTR_F1_Mean,TRTR_F1_Std,TRTR_AUC_Mean,TRTR_AUC_Std,TSTR_ACC_Mean,TSTR_ACC_Std,TSTR_F1_Mean,TSTR_F1_Std,TSTR_AUC_Mean,TSTR_AUC_Std,Augmented_ACC_Mean,Augmented_ACC_Std,Augmented_F1_Mean,Augmented_F1_Std,Augmented_AUC_Mean,Augmented_AUC_Std,F1_Gap,F1_Aug_Gain
pima_diabetes,LR,0.7532467532467533,0.0,0.7334183673469387,1.1102230246251565e-16,0.814692378328742,1.1102230246251565e-16,0.7142857142857143,0.0,0.7030154277699859,1.1102230246251565e-16,0.8225895316804408,0.0,0.7337662337662337,0.0,0.7155215138544717,0.0,0.817263544536272,1.1102230246251565e-16,0.030402939576952726,-0.017896853492466946
pima_diabetes,DT,0.735930735930736,0.015305341584124383,0.7210954150666948,0.017925767375715315,0.7299663299663299,0.02054148019214772,0.7142857142857143,0.01402757726928107,0.7054556118038189,0.013234959312157506,0.7239057239057239,0.01167335745680778,0.6904761904761904,0.011036838774010353,0.6700239960740518,0.011232135620404931,0.6730945821854913,0.01169372604523605,0.01563980326287595,-0.051071418992643
pima_diabetes,RF,0.7337662337662337,0.00918320495047462,0.7127316898966818,0.007339257706134877,0.8164064891337618,0.0016191039063897645,0.7597402597402598,0.005301925850180041,0.7449820993398583,0.003559594802447418,0.8164064891337618,0.0029777499864133542,0.7294372294372294,0.003061068316824856,0.7087795012057759,0.0017500188583982998,0.8181205999387817,0.005894302770181339,-0.032250409443176475,-0.003952188690905856
pima_diabetes,MLP,0.7402597402597403,0.010603851700360082,0.7139659033776681,0.009903655646983029,0.7947964493419039,0.0085042694551883,0.7229437229437229,0.0030610683168249084,0.7133940000600734,0.004325082586163773,0.8045913682277318,0.0031915789158829216,0.7272727272727272,0.01402757726928107,0.7082798790339191,0.013755049149094402,0.777961432506887,0.0028921975662118326,0.000571903317594713,-0.0056860243437489855
pima_diabetes,XGB,0.7142857142857143,0.0,0.6977698483496878,1.1102230246251565e-16,0.7704315886134068,0.0,0.7272727272727272,1.1102230246251565e-16,0.717948717948718,0.0,0.8011019283746558,1.1102230246251565e-16,0.7207792207792206,1.1102230246251565e-16,0.7105136612021857,1.1102230246251565e-16,0.7766758494031222,0.0,-0.020178869599030147,0.012743812852497927
