Dataset,Avg_TRTR_F1,Avg_TSTR_F1,Avg_Augmented_F1,Avg_F1_Gap,Avg_Aug_Gain,Disc_Score,Inv_KL,Density,Coverage
pima_diabetes,0.7157962448075342,0.716959171384491,0.7026237102740808,-0.0011629265769566466,-0.013172534533453373,0.3983739837398374,0.9236487453055092,0.9381107491856677,0.5553745928338762
