Feature,Importance
class,1.0
plas,0.25886401925372515
mass,0.16998350195960615
age,0.14093146071108156
pedi,0.12376760020344678
pres,0.08813383878246121
preg,0.07655143232512385
test,0.0761218987972595
skin,0.06564624796729589
