Dataset,Avg_TRTR_F1,Avg_TSTR_F1,Avg_Augmented_F1,Avg_F1_Gap,Avg_Aug_Gain,Disc_Score,Inv_KL,Density,Coverage
heart_cleveland,0.2592585793177756,0.3102525270751224,0.28224089034528044,-0.05099394775734682,0.022982311027504847,0.422680412371134,0.8767250802223889,0.8966942148760331,0.5330578512396694
