Feature,Importance
target,1.0
time,0.333997139090399
serum_creatinine,0.15012047044960264
ejection_fraction,0.13574922471923356
age,0.10379166398206907
platelets,0.07524525924307457
serum_sodium,0.07032891659394057
creatinine_phosphokinase,0.05804621403174384
anaemia,0.0170889598048343
sex,0.014580220133679362
smoking,0.014510417680292261
