Feature,Importance
DEATH_EVENT,1.0
time,0.37518590274669694
serum_creatinine,0.15533432758891708
ejection_fraction,0.11234075885496918
creatinine_phosphokinase,0.08260583354309212
age,0.07822442813517454
platelets,0.07512845012715344
serum_sodium,0.0649385804893989
anaemia,0.015220428217575807
smoking,0.01121739375644993
high_blood_pressure,0.010239525664983904
