Dataset,Model,TRTR_ACC_Mean,TRTR_ACC_Std,TRTR_F1_Mean,TRTR_F1_Std,TRTR_AUC_Mean,TRTR_AUC_Std,TSTR_ACC_Mean,TSTR_ACC_Std,TSTR_F1_Mean,TSTR_F1_Std,TSTR_AUC_Mean,TSTR_AUC_Std,Augmented_ACC_Mean,Augmented_ACC_Std,Augmented_F1_Mean,Augmented_F1_Std,Augmented_AUC_Mean,Augmented_AUC_Std,F1_Gap,F1_Aug_Gain
parkinsons,LR,0.8974358974358975,0.0,0.7705882352941176,0.0,0.8348214285714285,0.0,0.8974358974358975,0.0,0.8030303030303031,1.1102230246251565e-16,0.8482142857142857,0.0,0.8974358974358975,0.0,0.8030303030303031,1.1102230246251565e-16,0.8392857142857141,1.1102230246251565e-16,-0.03244206773618552,0.03244206773618552
parkinsons,DT,0.9145299145299145,0.012087295404898257,0.8496565934065935,0.016803499058416577,0.8363095238095237,0.00736569563735987,0.8974358974358975,0.0,0.8030303030303031,1.1102230246251565e-16,0.7700892857142857,0.0,0.8888888888888888,0.012087295404898257,0.7701357466063348,0.0006399156390827939,0.7276785714285715,0.018940360210353883,0.0466262903762904,-0.07952084680025873
parkinsons,RF,0.94017094017094,0.012087295404898205,0.8881895881895883,0.018845192381273194,0.9389880952380952,0.0064005396332161915,0.8974358974358975,0.0,0.7705882352941176,0.0,0.7901785714285715,0.03955367220238692,0.9487179487179486,1.1102230246251565e-16,0.9015151515151517,1.1102230246251565e-16,0.9419642857142857,0.011951174407893587,0.11760135289547069,0.01332556332556345
parkinsons,MLP,0.9487179487179486,1.1102230246251565e-16,0.9015151515151517,1.1102230246251565e-16,0.9613095238095238,0.011135885079684358,0.8974358974358975,0.0,0.8030303030303031,1.1102230246251565e-16,0.8467261904761906,0.007587826657132093,0.923076923076923,1.1102230246251565e-16,0.8615384615384616,0.0,0.9375,0.0036450740219987642,0.09848484848484862,-0.03997668997669013
parkinsons,XGB,0.9487179487179486,1.1102230246251565e-16,0.9015151515151517,1.1102230246251565e-16,0.9241071428571428,0.0,0.8974358974358975,0.0,0.7705882352941176,0.0,0.8660714285714285,1.1102230246251565e-16,0.923076923076923,1.1102230246251565e-16,0.8412483039348709,1.1102230246251565e-16,0.9464285714285715,1.1102230246251565e-16,0.13092691622103414,-0.06026684758028078
