Dataset,Avg_TRTR_F1,Avg_TSTR_F1,Avg_Augmented_F1,Avg_F1_Gap,Avg_Aug_Gain,Disc_Score,Inv_KL,Density,Coverage
parkinsons,0.8622929439841206,0.790053475935829,0.8354935933250245,0.07223946804829166,-0.02679935065909613,0.6984126984126984,0.62377833739556,0.3141025641025641,0.25
