Dataset,Avg_TRTR_F1,Avg_TSTR_F1,Avg_Augmented_F1,Avg_F1_Gap,Avg_Aug_Gain,Disc_Score,Inv_KL,Density,Coverage
australian_credit,0.8145584842224108,0.8056994090437131,0.8080374108376558,0.008859075178697839,-0.006521073384755116,0.46153846153846156,0.9014865019538078,0.9130434782608695,0.5
