Dataset,Model,TRTR_ACC_Mean,TRTR_ACC_Std,TRTR_F1_Mean,TRTR_F1_Std,TRTR_AUC_Mean,TRTR_AUC_Std,TSTR_ACC_Mean,TSTR_ACC_Std,TSTR_F1_Mean,TSTR_F1_Std,TSTR_AUC_Mean,TSTR_AUC_Std,Augmented_ACC_Mean,Augmented_ACC_Std,Augmented_F1_Mean,Augmented_F1_Std,Augmented_AUC_Mean,Augmented_AUC_Std,F1_Gap,F1_Aug_Gain
australian_credit,LR,0.8333333333333334,0.0,0.8333245812109437,0.0,0.9131360442835851,1.1102230246251565e-16,0.8115942028985508,0.0,0.8114357788522177,0.0,0.9199489035554609,0.0,0.8115942028985508,0.0,0.8114357788522177,0.0,0.9184585905897381,0.0,0.021888802358725923,-0.021888802358725923
australian_credit,DT,0.7584541062801932,0.01231647225505504,0.7575648210751078,0.01264888384823021,0.7619757291888439,0.013574336713344808,0.7898550724637681,0.01024792436502242,0.789642905250929,0.010306694415755142,0.8029593357462209,0.010839192728429065,0.7753623188405797,0.01183328378156121,0.775067038224933,0.011848838337244401,0.7816691505216097,0.011994520775817101,-0.03207808417582114,0.01750221714982514
australian_credit,RF,0.8260869565217391,0.00591664189078065,0.8258715190219483,0.005982229590423199,0.9225037257824144,0.002043931704480134,0.8043478260869565,0.00591664189078065,0.8043312076601423,0.005900484700179276,0.8877652402242567,0.0053397870887897875,0.8115942028985508,0.005916641890780604,0.8115470025104367,0.005950526391077928,0.9122134695905189,0.0015653072883480882,0.021540311361806008,-0.014324516511511676
australian_credit,MLP,0.8236714975845411,0.006831949576681649,0.823410079142767,0.006961707579320248,0.8963877652402242,0.0013162470364765546,0.8115942028985508,0.01565396303963253,0.8115325316065372,0.01568676803964615,0.9032006245120999,0.0035808603538550533,0.8309178743961353,0.0034159747883408245,0.8308998608633181,0.003429072400573979,0.9022070825349514,0.006195732477671462,0.011877547536229827,0.0074897817205511474
australian_credit,XGB,0.8333333333333334,0.0,0.832621420661288,1.1102230246251565e-16,0.9169682776240154,1.1102230246251565e-16,0.8115942028985508,0.0,0.8115546218487394,1.1102230246251565e-16,0.8954651905471578,0.0,0.8115942028985508,0.0,0.8112373737373737,0.0,0.8961038961038961,0.0,0.02106679881254858,-0.02138404692391427
